id	conversation_id	created_at	date	time	timezone	user_id	username	name	place	tweet	language	mentions	urls	photos	replies_count	retweets_count	likes_count	hashtags	cashtags	link	retweet	quote_url	video	thumbnail	near	geo	source	user_rt_id	user_rt	retweet_id	reply_to	retweet_date	translate	trans_src	trans_dest
1443493631172689925	1443153725523124227	2021-09-30 16:31:15 CST	2021-09-30	16:31:15	+0800	258418873	leadenhallmkt	Leadenhall Market		@colguides @atlondonbridge @artsadm @PottersFieldsPa Yes please bring your furry friends down to our Dogstagram photo booth. You could win a prize! üê∂üêï#LeadenhallDogstagram	en	[]	[]	[]	0	0	0	['leadenhalldogstagram']	[]	https://twitter.com/LeadenhallMkt/status/1443493631172689925	False		0								[{'screen_name': 'colguides', 'name': 'CoL Guides', 'id': '3001503629'}, {'screen_name': 'atlondonbridge', 'name': '@atlondonbridge', 'id': '722022041877020672'}, {'screen_name': 'artsadm', 'name': 'Artsadm*n', 'id': '15233659'}, {'screen_name': 'PottersFieldsPa', 'name': 'Potters Fields Park', 'id': '562801683'}]				
1443489810283368450	1443489810283368450	2021-09-30 16:16:04 CST	2021-09-30	16:16:04	+0800	876290347571216385	landmarkuw	Landmark Underwriting		This year marks Landmark‚Äôs ùüëùê´ùêù ùê≤ùêûùêöùê´ in business!   We are proud to have our HQ located in the heart of London‚Äôs Insurance district in Leadenhall Market which is also celebrating its 700th birthday.  We sit close to Lloyd‚Äôs of London who are celebrating their 335th year.  https://t.co/JqAsvL1PLe	en	[]	[]	[]	0	0	1	[]	[]	https://twitter.com/landmarkuw/status/1443489810283368450	False		1	https://pbs.twimg.com/ext_tw_video_thumb/1443489640690950144/pu/img/St3mNQ-DyInf8djw.jpg							[]				
1443278520638128129	1443278520638128129	2021-09-30 02:16:28 CST	2021-09-30	02:16:28	+0800	881982819773419520	londonpostuk	London Post		Spooktastic Halloween Events at Leadenhall¬†Market  https://t.co/CExFIST32T	en	[]	['https://london-post.co.uk/spooktastic-halloween-events-at-leadenhall-market/']	[]	0	0	0	[]	[]	https://twitter.com/LondonPostUK/status/1443278520638128129	False		0								[]				
1443198501177942016	1443198501177942016	2021-09-29 20:58:30 CST	2021-09-29	20:58:30	+0800	1400149656898785283	johnjnich001	Annette-https://t.me/Annettesn0101		Greetings from Leadenhall Market London  https://t.co/FY4wdO1Rxv	en	[]	[]	['https://pbs.twimg.com/media/FAdFYGKWYAMdvec.jpg', 'https://pbs.twimg.com/media/FAdFYGHWEAcLzHN.jpg', 'https://pbs.twimg.com/media/FAdFYGFXMAUK_ql.jpg', 'https://pbs.twimg.com/media/FAdFYGIWUA8Yzan.jpg']	0	0	0	[]	[]	https://twitter.com/JohnJnich001/status/1443198501177942016	False		1	https://pbs.twimg.com/media/FAdFYGKWYAMdvec.jpg							[]				
1443160290196078594	1442966548553994255	2021-09-29 18:26:40 CST	2021-09-29	18:26:40	+0800	2776723405	fiona_insidetr	Fiona Robertson		@GeogheganMC all of the speakers included a few jokes - Ian Beaton informed us we started a rush of tuxedo panic buying in Leadenhall market - but nothing easy to retell	en	[]	[]	[]	1	0	1	[]	[]	https://twitter.com/Fiona_InsideTR/status/1443160290196078594	False		0								[{'screen_name': 'GeogheganMC', 'name': 'Mark Geoghegan', 'id': '74687643'}]				
1443130543558758400	1443130543558758400	2021-09-29 16:28:28 CST	2021-09-29	16:28:28	+0800	258418873	leadenhallmkt	Leadenhall Market		This is open today from 12-8pm üê∂üêïüê©	en	[]	[]	[]	0	0	1	[]	[]	https://twitter.com/LeadenhallMkt/status/1443130543558758400	False	https://twitter.com/visitthecity/status/1442821782248038401	0								[]				
1443130210556198915	1443108314196418565	2021-09-29 16:27:08 CST	2021-09-29	16:27:08	+0800	258418873	leadenhallmkt	Leadenhall Market		@eliseharveypr did you find something to read?	en	[]	[]	[]	0	0	0	[]	[]	https://twitter.com/LeadenhallMkt/status/1443130210556198915	False		0								[{'screen_name': 'eliseharveypr', 'name': 'Elise (she/her)\U0001f90d', 'id': '486973096'}]				
1442847616090447897	1442845020302848010	2021-09-28 21:44:13 CST	2021-09-28	21:44:13	+0800	1123154733781389312	neilevansrocks	Neil A.Evans		@cmykchicago Should say the 3rd is K√∂ln :) the rest are all London. Southwark Street, Lambeth near the Imperial War Museum and Leadenhall Market in the City.	en	[]	[]	[]	0	1	1	[]	[]	https://twitter.com/NeilEvansRocks/status/1442847616090447897	False		0								[{'screen_name': 'cmykchicago', 'name': 'Gradually Susan', 'id': '64563106'}]				
1442810569313161217	1442810569313161217	2021-09-28 19:17:00 CST	2021-09-28	19:17:00	+0800	258418873	leadenhallmkt	Leadenhall Market		Getting in the mood for Halloween üéÉ ?   Why not join @colguides Burials, Bombs and Fantastic Beasts‚Äô walking tours? Here‚Äôs what you need to know:  üëª  Every Wed in Oct (6th-27th)  üëª  Starts at 6.30pm  üëª Costs ¬£7 + booking fee üëª  You need to book here:  https://t.co/0TqFnqhAYH	en	[{'screen_name': 'colguides', 'name': 'col guides', 'id': '3001503629'}]	['https://bit.ly/3tHf6xX']	[]	0	2	5	[]	[]	https://twitter.com/LeadenhallMkt/status/1442810569313161217	False		0								[]				
1442763298689200134	1442586162707763200	2021-09-28 16:09:10 CST	2021-09-28	16:09:10	+0800	258418873	leadenhallmkt	Leadenhall Market		@hodvalhermit @shafk @LensAreLive @visitlondon We're still here!	en	[]	[]	[]	1	0	2	[]	[]	https://twitter.com/LeadenhallMkt/status/1442763298689200134	False		0								[{'screen_name': 'hodvalhermit', 'name': 'Anthony Phelps', 'id': '1285271297581371392'}, {'screen_name': 'shafk', 'name': 'Shafiq Khan - üìΩÔ∏èüì∑üèÉüë®\u200düíª', 'id': '232849829'}, {'screen_name': 'LensAreLive', 'name': 'Live Lens', 'id': '1041367527115374592'}, {'screen_name': 'visitlondon', 'name': 'Visit London', 'id': '36054262'}]				
1442763240782565382	1442586162707763200	2021-09-28 16:08:56 CST	2021-09-28	16:08:56	+0800	258418873	leadenhallmkt	Leadenhall Market		@Melshenny1 @shafk @LensAreLive @visitlondon Thanks for sharing these incredible photos! You really caught our best side ‚ù§Ô∏è	en	[]	[]	[]	0	0	1	[]	[]	https://twitter.com/LeadenhallMkt/status/1442763240782565382	False		0								[{'screen_name': 'Melshenny1', 'name': 'Mystic Mel', 'id': '867309155165536257'}, {'screen_name': 'shafk', 'name': 'Shafiq Khan - üìΩÔ∏èüì∑üèÉüë®\u200düíª', 'id': '232849829'}, {'screen_name': 'LensAreLive', 'name': 'Live Lens', 'id': '1041367527115374592'}, {'screen_name': 'visitlondon', 'name': 'Visit London', 'id': '36054262'}]				
1442763050004647942	1442763050004647942	2021-09-28 16:08:11 CST	2021-09-28	16:08:11	+0800	258418873	leadenhallmkt	Leadenhall Market		Name a more beautiful market. We'll wait...	en	[]	[]	[]	0	2	7	[]	[]	https://twitter.com/LeadenhallMkt/status/1442763050004647942	False	https://twitter.com/shafk/status/1442586162707763200	0								[]				
1442586162707763200	1442586162707763200	2021-09-28 04:25:17 CST	2021-09-28	04:25:17	+0800	232849829	shafk	Shafiq Khan - üìΩÔ∏èüì∑üèÉüë®‚Äçüíª		Leadenhall Market, Gracechurch Street #London #LeadenhallMarket #ThePhotoHour #LeadenhallMarketLondon #Architecture @LensAreLive  https://t.co/beLitjErKa	en	[{'screen_name': 'lensarelive', 'name': 'live lens', 'id': '1041367527115374592'}]	[]	['https://pbs.twimg.com/media/FAUXYRTVcAAskkw.jpg', 'https://pbs.twimg.com/media/FAUXau9VIAEi6Kc.jpg', 'https://pbs.twimg.com/media/FAUXcaJWEAASFFT.jpg', 'https://pbs.twimg.com/media/FAUXeSrWUAYy2pE.jpg']	2	7	38	['london', 'leadenhallmarket', 'thephotohour', 'leadenhallmarketlondon', 'architecture']	[]	https://twitter.com/shafk/status/1442586162707763200	False		1	https://pbs.twimg.com/media/FAUXYRTVcAAskkw.jpg							[]				
1442575357824024577	1442575357824024577	2021-09-28 03:42:21 CST	2021-09-28	03:42:21	+0800	3129496081	kourogi1013	Mai Korogi		ÊñáÂè•ÁÑ°„Åó„Å´„É≠„É≥„Éâ„É≥„Åß„ÅÑ„Å°„Å∞„ÇìÁ∂∫È∫ó„Å™Â†¥ÊâÄ„Åò„ÇÉ„Å™„ÅÑ„Åã„Å®ÊÄù„ÅÜ„ÄÇ  I think Leadenhall Market is most beautiful please in London ‚ù§Ô∏è And thank you my digital cameüòÇ  https://t.co/YFK9DmF2Yq	ja	[]	[]	['https://pbs.twimg.com/media/FAUOoytWEAQNeww.jpg']	0	0	1	[]	[]	https://twitter.com/Kourogi1013/status/1442575357824024577	False		1	https://pbs.twimg.com/media/FAUOoytWEAQNeww.jpg							[]				
1442562049989435392	1442562049989435392	2021-09-28 02:49:28 CST	2021-09-28	02:49:28	+0800	21204727	gunnersh1va	Steve Coughlan	{'type': 'Point', 'coordinates': [51.51274549, -0.08352399]}	Throwback to a night shooting around town into the wee hours and a nice wide but empty Leadenhall Market! @ Leadenhall Market  https://t.co/w2FEaiYLRi	en	[]	['https://www.instagram.com/p/CUVfIapMAp0/?utm_medium=twitter']	[]	0	0	0	[]	[]	https://twitter.com/Gunnersh1va/status/1442562049989435392	False		0								[]				
1442543168503914496	1442537489655156752	2021-09-28 01:34:27 CST	2021-09-28	01:34:27	+0800	893191290443223041	ldybird246	Amanda üíôüêû		@Scarfie1 Did you wander into Leadenhall Market?	en	[]	[]	[]	1	0	1	[]	[]	https://twitter.com/Ldybird246/status/1442543168503914496	False		0								[{'screen_name': 'Scarfie1', 'name': 'Scarfie üò∑ 2m, & Get yourüíâüíâüôè', 'id': '1627303460'}]				
1442538578345664515	1442538578345664515	2021-09-28 01:16:12 CST	2021-09-28	01:16:12	+0800	1627303460	scarfie1	Scarfie üò∑ 2m, & Get yourüíâüíâüôè		Borough Market, Eataly Italian specialty store, Leadenhall Market x2.  https://t.co/G1JXpqdr4s	en	[]	[]	['https://pbs.twimg.com/media/FATtDIMWQAk70Bx.jpg', 'https://pbs.twimg.com/media/FATtDIXXIAIY8JV.jpg', 'https://pbs.twimg.com/media/FATtDItVkAEZRYg.jpg', 'https://pbs.twimg.com/media/FATtDIoVIAIhudm.jpg']	0	0	13	[]	[]	https://twitter.com/Scarfie1/status/1442538578345664515	False		1	https://pbs.twimg.com/media/FATtDIMWQAk70Bx.jpg							[]				
1442519597874393090	1442519597874393090	2021-09-28 00:00:47 CST	2021-09-28	00:00:47	+0800	1322839838127697922	bedigikind	DigiKind		Beautiful #leadenhallmarketlondon coming alive again! City of London‚Äôs Leadenhall Market marks its 700th anniversary this year. üôåüèª  üì∏: @diyora_photography   What are you enjoying most about the highstreets reopening again?   Tag us at #BeDigiKind to #ShareYourLocal.  https://t.co/9epuXO5YlE	en	[]	[]	['https://pbs.twimg.com/media/FATb7YLWYAIchbt.jpg']	0	1	1	['leadenhallmarketlondon', 'bedigikind', 'shareyourlocal']	[]	https://twitter.com/bedigikind/status/1442519597874393090	False		1	https://pbs.twimg.com/media/FATb7YLWYAIchbt.jpg							[]				
1442419052798889985	1442419052798889985	2021-09-27 17:21:15 CST	2021-09-27	17:21:15	+0800	1440779125061402624	kamilafilm	kamilafilm		Leadenhall Market on Kodak Ektar 100 üéû  https://t.co/4zMiN55zzn	sv	[]	[]	['https://pbs.twimg.com/media/FASAem7XMAAsE0K.jpg']	0	1	6	[]	[]	https://twitter.com/kamilafilm/status/1442419052798889985	False		1	https://pbs.twimg.com/media/FASAem7XMAAsE0K.jpg							[]				
1442180456804401154	1442180456804401154	2021-09-27 01:33:09 CST	2021-09-27	01:33:09	+0800	1055934104	marcosland22	Marcos Sanchez		Qu√© VER en la CITY de LONDRES  Sky Garden, Leadenhall Market, St Dunstan in the East por @perdrsporlmundo  https://t.co/hnzdAhU6Dz	en	[{'screen_name': 'perdrsporlmundo', 'name': 'perderseporelmundo', 'id': '952258460208521216'}]	['https://youtu.be/NrdmiBb-MPE']	[]	0	0	0	[]	[]	https://twitter.com/marcosland22/status/1442180456804401154	False		0								[]				
1442169629665894400	1441364843429302273	2021-09-27 00:50:08 CST	2021-09-27	00:50:08	+0800	1233353043732844545	jezneyjones	Jeremy Horne		@planetotgrapes @ioisours Breaks my heart...used to love Fridays at Leadenhall market when I worked in the city! And Fridays were always the best day to be in the office too!	en	[]	[]	[]	0	0	1	[]	[]	https://twitter.com/JezneyJones/status/1442169629665894400	False		0								[{'screen_name': 'planetotgrapes', 'name': 'Planet of the Grapes', 'id': '155934333'}, {'screen_name': 'ioisours', 'name': 'The UK LTN R√©sistance', 'id': '1320381280345874433'}]				
1442113498264129548	1442113498264129548	2021-09-26 21:07:05 CST	2021-09-26	21:07:05	+0800	1079865931558539264	kristynpacione	Content by Kristyn		Just posted a photo @ Leadenhall Market  https://t.co/nwMtfs34qy	en	[]	['https://www.instagram.com/p/CUSTJm8Ls9N/?utm_medium=twitter']	[]	0	0	0	[]	[]	https://twitter.com/KristynPacione/status/1442113498264129548	False		0								[]				
1442100326484492288	1442100326484492288	2021-09-26 20:14:45 CST	2021-09-26	20:14:45	+0800	3271681482	damactower	DAMAC Tower London		üìçLeadenhall Market, London  Located in the heart of London are the cobbled walkways of Leadenhall Market, one of the city‚Äôs famous covered markets.   Try local foods, shop in boutique retailers and experience the local history.  https://t.co/znrw1vH8bu	en	[]	[]	['https://pbs.twimg.com/media/FANel67XoAI5yx2.jpg']	0	0	0	[]	[]	https://twitter.com/DAMACTower/status/1442100326484492288	False		1	https://pbs.twimg.com/media/FANel67XoAI5yx2.jpg							[]				
1442043029251047425	1442043029251047425	2021-09-26 16:27:04 CST	2021-09-26	16:27:04	+0800	144246209	waterstonesec3	Waterstones Leadenhall Market		The sheep are ready. We're ready. What's keeping you?  For those who are looking, we're on the North side of the Livery Fair just before the sheep pens!  https://t.co/0Dy6s4Cwvb	en	[]	[]	['https://pbs.twimg.com/media/FAMqfBOXEAA14qu.jpg']	1	2	15	[]	[]	https://twitter.com/WaterstonesEC3/status/1442043029251047425	False		1	https://pbs.twimg.com/media/FAMqfBOXEAA14qu.jpg							[]				
1441779613722677249	1441702147477975041	2021-09-25 23:00:21 CST	2021-09-25	23:00:21	+0800	2805233841	madmickideuce	Micki or Michelle or M, I answer to them all . . .		@nightowlr80 I‚Äôve also worked at the Tower Records in Picadilly Circus (and then Philadelphia) and also the Farringdon‚Äôs that used to be in Leadenhall market. ü§∑üèº‚Äç‚ôÄÔ∏è	en	[]	[]	[]	1	0	2	[]	[]	https://twitter.com/madmickideuce/status/1441779613722677249	False		0								[{'screen_name': 'nightowlr80', 'name': 'Paul Johnson', 'id': '3384509703'}]				
1441748475939491843	1441748475939491843	2021-09-25 20:56:37 CST	2021-09-25	20:56:37	+0800	831795628023934978	jaaybles	Jay A	{'type': 'Point', 'coordinates': [51.51248676, -0.09063989]}	üèõ  . . . . #londonmithraeum #leadenhallmarket #London @ London Mithraeum  https://t.co/A1IGMM7TH8	en	[]	['https://www.instagram.com/p/CUPtKPOMVoZ/?utm_medium=twitter']	[]	0	0	1	['londonmithraeum', 'leadenhallmarket', 'london']	[]	https://twitter.com/Jaaybles/status/1441748475939491843	False		0								[]				
1441716619269615616	1441716619269615616	2021-09-25 18:50:02 CST	2021-09-25	18:50:02	+0800	1365638867316076551	drockellphoto	Dale Rockell Photography		180 degree shot looking up in the stunning Leadenhall Market, #London. Available as prints from my @zazzle store  https://t.co/KTXcsJKXxn  #architecture #photooftheday #photography #leadenhallmarket  https://t.co/W41cpfDui7	en	[{'screen_name': 'zazzle', 'name': 'zazzle inc.', 'id': '16304010'}]	['https://bit.ly/2XHLXGT']	['https://pbs.twimg.com/media/FAIBn-9X0AAAoGl.jpg']	0	1	1	['london', 'architecture', 'photooftheday', 'photography', 'leadenhallmarket']	[]	https://twitter.com/drockellphoto/status/1441716619269615616	False		1	https://pbs.twimg.com/media/FAIBn-9X0AAAoGl.jpg							[]				
1441632225745719308	1441632225745719308	2021-09-25 13:14:41 CST	2021-09-25	13:14:41	+0800	24732514	uk_	Visiting UK		Leadenhall Market in London  https://t.co/38iYORgKge	en	[]	['https://www.visitingeu.com/western-europe/uk/2008/02/leadenhall-market.html?utm_source=ReviveOldPost&utm_medium=social&utm_campaign=ReviveOldPost']	[]	0	0	0	[]	[]	https://twitter.com/uk_/status/1441632225745719308	False		0								[]				
1441454011857702912	1441175019598536704	2021-09-25 01:26:32 CST	2021-09-25	01:26:32	+0800	1212059105319211008	tsuiallen	Allen Tsui		@TheScrumDev Thank you @TheScrumDev My 9 year old son is an absolute Potterhead. His 12 year old sister is a complete Bookie Monster. Here they were at Leadenhall Market aka Diagon Alley...  https://t.co/WY5JjFv41S	en	[{'screen_name': 'thescrumdev', 'name': 'thescrumdev', 'id': '1409823691882520584'}]	[]	['https://pbs.twimg.com/media/FAESxfEX0AEotf-.jpg']	1	0	0	[]	[]	https://twitter.com/TsuiAllen/status/1441454011857702912	False		1	https://pbs.twimg.com/media/FAESxfEX0AEotf-.jpg							[{'screen_name': 'TheScrumDev', 'name': 'TheScrumDev', 'id': '1409823691882520584'}]				
1441432106060550150	1441432106060550150	2021-09-24 23:59:29 CST	2021-09-24	23:59:29	+0800	144246209	waterstonesec3	Waterstones Leadenhall Market		Looking for something different to do this weekend? May we suggesting heading down to @SheepDriveLDN on Sunday? There will be lots of sheep-ish fun and we'll also be joined from 11am by @AmandaOwen8 signing copies of her books!   (Remember, there's just 13 weeks until Christmas!)	en	[{'screen_name': 'sheepdriveldn', 'name': 'london sheep drive', 'id': '777179279171936256'}, {'screen_name': 'amandaowen8', 'name': 'yorkshireshepherdess', 'id': '497353176'}]	[]	[]	0	0	2	[]	[]	https://twitter.com/WaterstonesEC3/status/1441432106060550150	False		0								[]				
1441415343029690377	1441375092894683141	2021-09-24 22:52:52 CST	2021-09-24	22:52:52	+0800	21388315	dsjchandler	Damian Chandler		@AndrewRusseth Don‚Äôt forget Richard Wentworth‚Äôs False Ceiling (this was at Leadenhall Market)  https://t.co/7RBp7qqOn1	en	[]	[]	['https://pbs.twimg.com/media/FADvmpmVUAYISWp.jpg']	0	0	4	[]	[]	https://twitter.com/dsjchandler/status/1441415343029690377	False		1	https://pbs.twimg.com/media/FADvmpmVUAYISWp.jpg							[{'screen_name': 'AndrewRusseth', 'name': 'Andrew Russeth', 'id': '18361241'}]				
1441364843429302273	1441364843429302273	2021-09-24 19:32:12 CST	2021-09-24	19:32:12	+0800	155934333	planetotgrapes	Planet of the Grapes		Leadenhall market at 12.30 on a Friday lunchtime. Hope everyone is enjoying their flexi-working week. Just remember, if you are a city worker and only come in tue-thu, the service industry that supports you will die a death. We cannot survive on a three day week!  https://t.co/z9lnE11SmF	en	[]	[]	['https://pbs.twimg.com/media/FADBrEUVUAIiFkp.jpg']	11	39	112	[]	[]	https://twitter.com/planetotgrapes/status/1441364843429302273	False		1	https://pbs.twimg.com/media/FADBrEUVUAIiFkp.jpg							[]				
1441354490221928449	1441354490221928449	2021-09-24 18:51:04 CST	2021-09-24	18:51:04	+0800	258418873	leadenhallmkt	Leadenhall Market		Happy Friday üéâ Which dog are you today? üòÇ   If you haven‚Äôt yet heard the exciting news, Leadenhall Market is currently home to the UK‚Äôs first doggie centric photo station. Find out more here:  https://t.co/FRZzX94h3I üì∏üê∂  https://t.co/MR5pZtCCgX	en	[]	['https://bit.ly/3CpzEhJ']	['https://pbs.twimg.com/media/FAC4QkfUYAUBydb.jpg']	1	1	3	[]	[]	https://twitter.com/LeadenhallMkt/status/1441354490221928449	False		1	https://pbs.twimg.com/media/FAC4QkfUYAUBydb.jpg							[]				
1441304395858071556	1441304395858071556	2021-09-24 15:32:00 CST	2021-09-24	15:32:00	+0800	369724706	mgooderham	Marc Gooderham		A sketch of Leadenhall Market, Gracechurch Street.  https://t.co/b7YxEqFr79	en	[]	[]	['https://pbs.twimg.com/media/FACKtP-VQAMnmh8.jpg']	3	10	81	[]	[]	https://twitter.com/MGooderham/status/1441304395858071556	False		1	https://pbs.twimg.com/media/FACKtP-VQAMnmh8.jpg							[]				
1441088446055944192	1441088446055944192	2021-09-24 01:13:54 CST	2021-09-24	01:13:54	+0800	583850449	plumesworld	Plumes üè≥Ô∏è‚Äçüåà		First day back in London and spotted these in Leadenhall Market! #pride #BiVisibilityDay  https://t.co/2yC3YNd8PC	en	[]	[]	['https://pbs.twimg.com/media/E__GTQ6VEA4DBjk.jpg']	0	0	0	['pride', 'bivisibilityday']	[]	https://twitter.com/plumesworld/status/1441088446055944192	False		1	https://pbs.twimg.com/media/E__GTQ6VEA4DBjk.jpg							[]				
1441064083919360000	1441064083919360000	2021-09-23 23:37:05 CST	2021-09-23	23:37:05	+0800	387197208	princessrgm	Rosie	{'type': 'Point', 'coordinates': [51.51274549, -0.08352399]}	Me walking! üòÇ Hope your all having a good week? #week #walking #photoshoot @ Leadenhall Market  https://t.co/nJ9hj4GP5m	en	[]	['https://www.instagram.com/p/CUK17omjN3Z/?utm_medium=twitter']	[]	0	0	14	['week', 'walking', 'photoshoot']	[]	https://twitter.com/PrincessRGM/status/1441064083919360000	False		0								[]				
1441056629206749186	1441056629206749186	2021-09-23 23:07:28 CST	2021-09-23	23:07:28	+0800	832280245088710662	chemfund	Lawrence		The roof #architecture #leadenhallmarket #London #blackandwhitephotography #market #leica #StreetStyle  https://t.co/bDUB9fG2z7	en	[]	[]	['https://pbs.twimg.com/media/E_-pMVAXsAA282x.jpg']	0	1	6	['architecture', 'leadenhallmarket', 'london', 'blackandwhitephotography', 'market', 'leica', 'streetstyle']	[]	https://twitter.com/Chemfund/status/1441056629206749186	False		1	https://pbs.twimg.com/media/E_-pMVAXsAA282x.jpg							[]				
1441001670910124037	1441001670910124037	2021-09-23 19:29:05 CST	2021-09-23	19:29:05	+0800	387197208	princessrgm	Rosie	{'type': 'Point', 'coordinates': [51.51274549, -0.08352399]}	Cool Place! #photoshoot #london Thank you @base.uk for my @moncler tracksuit! üì∑ @ Leadenhall Market  https://t.co/nDSu8k1wpG	en	[{'screen_name': 'base', 'name': 'base', 'id': '96983268'}, {'screen_name': 'moncler', 'name': 'moncler', 'id': '187897893'}]	['https://www.instagram.com/p/CUKZjM2D-xl/?utm_medium=twitter']	[]	0	1	8	['photoshoot', 'london']	[]	https://twitter.com/PrincessRGM/status/1441001670910124037	False		0								[]				
1440936175531962368	1440936175531962368	2021-09-23 15:08:50 CST	2021-09-23	15:08:50	+0800	2238020246	fransezas	Franseza		DOGSTAGRAM AT LEADENHALL MARKET  https://t.co/vNFSM9r6KA  https://t.co/ma6ta9Us0d	en	[]	['https://ift.tt/39vGFAU']	['https://pbs.twimg.com/media/E_870NmWQAAuSnF.jpg']	0	0	1	[]	[]	https://twitter.com/fransezas/status/1440936175531962368	False		1	https://pbs.twimg.com/media/E_870NmWQAAuSnF.jpg							[]				
1440709027797733380	1439923199781838862	2021-09-23 00:06:13 CST	2021-09-23	00:06:13	+0800	119094079	cathj73	Catherine Jordan Jones		@ro_hew Hi could you DM me your TO address please? Was about to send you something re Leadenhall Market!	en	[]	[]	[]	1	0	0	[]	[]	https://twitter.com/cathj73/status/1440709027797733380	False		0								[{'screen_name': 'ro_hew', 'name': 'ro hew', 'id': '1202287153'}]				
1440643882673344523	1440643882673344523	2021-09-22 19:47:22 CST	2021-09-22	19:47:22	+0800	3358856585	cataldgate	Cat‚úåüèΩüå±‚ìã		@TheFenz Strolling in the City, Ron. Thought you‚Äôd appreciate these..  Leadenhall Market, The Swan Tavern on Gracechurch Street &amp; the financial circus that is Bank.  https://t.co/pEDhx1KWd6	en	[]	[]	['https://pbs.twimg.com/media/E_4x9QyVkAIaPZX.jpg', 'https://pbs.twimg.com/media/E_4x9QzVkAIsr8d.jpg', 'https://pbs.twimg.com/media/E_4x9Q1VEAcH_7j.jpg']	2	0	8	[]	[]	https://twitter.com/CatAldgate/status/1440643882673344523	False		1	https://pbs.twimg.com/media/E_4x9QyVkAIaPZX.jpg							[]				
1440637435361169416	1440637435361169416	2021-09-22 19:21:44 CST	2021-09-22	19:21:44	+0800	144246209	waterstonesec3	Waterstones Leadenhall Market		We're very excited to be running a book stall at @SheepDriveLDN this weekend for their lovely special guest @AmandaOwen8! If you've ever wanted to know what it feels like to herd sheep then you should pop down on Sunday for some bovidae fun!	en	[{'screen_name': 'sheepdriveldn', 'name': 'london sheep drive', 'id': '777179279171936256'}, {'screen_name': 'amandaowen8', 'name': 'yorkshireshepherdess', 'id': '497353176'}]	[]	[]	0	2	10	[]	[]	https://twitter.com/WaterstonesEC3/status/1440637435361169416	False		0								[]				
1440581747666657284	1440574025365798918	2021-09-22 15:40:28 CST	2021-09-22	15:40:28	+0800	300467106	joslaps	Ian Josephs		@jayr1972 Leadenhall Market ahoy! üç∫üçª	en	[]	[]	[]	1	0	1	[]	[]	https://twitter.com/joslaps/status/1440581747666657284	False		0								[{'screen_name': 'jayr1972', 'name': 'Jayr72', 'id': '347141236'}]				
1440566365035712517	1440315289669828610	2021-09-22 14:39:20 CST	2021-09-22	14:39:20	+0800	1432719800325885958	klair_lens	Klair_lens		@BraydenCreation Here is mine of Leadenhall Market. Shot on Canon 550D  https://t.co/vM0CGrQtLi	en	[]	[]	['https://pbs.twimg.com/media/E_3rdgNVcAUJkKB.jpg']	0	1	8	[]	[]	https://twitter.com/klair_lens/status/1440566365035712517	False		1	https://pbs.twimg.com/media/E_3rdgNVcAUJkKB.jpg							[{'screen_name': 'BraydenCreation', 'name': 'Brayden Creations', 'id': '1168925853935394823'}]				
1440366367526440960	1439542922240745477	2021-09-22 01:24:37 CST	2021-09-22	01:24:37	+0800	48548255	ct_1211	Chris		@dh5603 Yeh mad. Went up there last year. Will never get over how there was no one at leadenhall market on a friday lunchtime  https://t.co/Kvp1PEQ036	en	[]	[]	['https://pbs.twimg.com/media/E_01cfCVUAcHAZy.jpg']	1	0	1	[]	[]	https://twitter.com/CT_1211/status/1440366367526440960	False		1	https://pbs.twimg.com/media/E_01cfCVUAcHAZy.jpg							[{'screen_name': 'dh5603', 'name': 'Dan', 'id': '50480332'}]				
1440263296121147400	1440263296121147400	2021-09-21 18:35:03 CST	2021-09-21	18:35:03	+0800	1307309702	ldnlife	LDN Life		Leadenhall Market opens Dogstagram: UK‚Äôs first ever photo station for¬†dogs  https://t.co/91TYUCILYk	en	[]	['https://ldnlife.com/leadenhall-market-opens-dogstagram-uks-first-ever-photo-station-for-dogs/']	[]	0	0	2	[]	[]	https://twitter.com/LDNlife/status/1440263296121147400	False		0								[]				
1440023886075031556	1440023886075031556	2021-09-21 02:43:43 CST	2021-09-21	02:43:43	+0800	783617665583767552	pauliteness	Paul Drury		It was good to visit the city again to meet at a business event and walk around Leadenhall Market. Still a lot of tower construction underway in the financial district. @ Leadenhall Building - the Cheesegrater  https://t.co/sA4NhyYu5A	en	[]	['https://www.instagram.com/p/CUDc57YMVCU/?utm_medium=twitter']	[]	0	0	1	[]	[]	https://twitter.com/pauliteness/status/1440023886075031556	False		0								[]				
1439974290376564739	1439974290376564739	2021-09-20 23:26:38 CST	2021-09-20	23:26:38	+0800	832280245088710662	chemfund	Lawrence		Leadenhall market-London #leica #streetphotography #blackandwhitephotography #London #shopping #leadenhall  https://t.co/iatTPOhazl	en	[]	[]	['https://pbs.twimg.com/media/E_vQ0rOXIAIFDkq.jpg']	0	0	9	['leica', 'streetphotography', 'blackandwhitephotography', 'london', 'shopping', 'leadenhall']	[]	https://twitter.com/Chemfund/status/1439974290376564739	False		1	https://pbs.twimg.com/media/E_vQ0rOXIAIFDkq.jpg							[]				
1439943835778523144	1439943835778523144	2021-09-20 21:25:37 CST	2021-09-20	21:25:37	+0800	965802039698690048	psnomada	Pasaporte N√≥mada		Qu√© VER en la CITY de LONDRES  Sky Garden, Leadenhall Market, St Dunstan in the East por @perdrsporlmundo  https://t.co/njLQzOJBzy	en	[{'screen_name': 'perdrsporlmundo', 'name': 'perderseporelmundo', 'id': '952258460208521216'}]	['https://bloguers.net/viajar/que-ver-en-la-city-de-londres-sky-garden-leadenhall-market-st-dunstan-in-the-east/']	[]	0	0	0	[]	[]	https://twitter.com/psnomada/status/1439943835778523144	False		0								[]				
1439676908485160962	1439676908485160962	2021-09-20 03:44:57 CST	2021-09-20	03:44:57	+0800	128889142	locosxlosviajes	M¬™ Carmen - Loc@s x los viajes		Qu√© VER en la CITY de LONDRES  Sky Garden, Leadenhall Market, St Dunstan in the East por @perdrsporlmundo    https://t.co/cpAGhCEYeL	en	[{'screen_name': 'perdrsporlmundo', 'name': 'perderseporelmundo', 'id': '952258460208521216'}]	['https://bloguers.net/viajar/que-ver-en-la-city-de-londres-sky-garden-leadenhall-market-st-dunstan-in-the-east/']	[]	0	0	0	[]	[]	https://twitter.com/locosxlosviajes/status/1439676908485160962	False		0								[]				
1439676831838388232	1439676831838388232	2021-09-20 03:44:39 CST	2021-09-20	03:44:39	+0800	4152817119	ledyourparty1	Ledyourparty		üåê Qu√© VER en la CITY de LONDRES  Sky Garden, Leadenhall Market, St Dunstan in the East  üëë v√≠a @perdrsporlmundo  https://t.co/U6zNXoeymg	es	[{'screen_name': 'perdrsporlmundo', 'name': 'perderseporelmundo', 'id': '952258460208521216'}]	['https://youtu.be/NrdmiBb-MPE']	[]	0	0	0	[]	[]	https://twitter.com/ledyourparty1/status/1439676831838388232	False		0								[]				
